Recording ID,Date Created
RE0e8ef70bf4ff5e2e490ae7ffc3956ad6,2023-12-31 23:26:59
REb8d49091ea1189a653c1fa6dca92c93d,2023-12-02 20:56:34
RE96ceee523367a779959d041442d24402,2023-11-15 16:34:40
REd448906f6ef545c25fcc4164c88f55b2,2023-11-01 13:30:38
RE09f587fcdd3278871c6d57c8fbe78aa5,2023-09-29 15:37:32
RE0c15e17d332001815670c9332e2fe36d,2023-08-07 19:05:48
RE89ad293d38f21fcc0c6b5d33843d20b0,2023-04-12 22:11:11
REf63dd688629b9fafcaca1b99e4c89eb2,2023-04-06 01:40:20
REec9933206f2b1f5ec8e705a3e273b095,2023-03-22 22:22:51
RE5fea97b4556b92eabf8ca851306ccf3d,2023-03-03 21:42:25
RE4e1f54ff926412b193385b38314b9cea,2023-02-23 22:11:27
RE586cb2f627c536e799fa0d2ec7ff80c5,2023-02-16 00:02:38
REd71b642265205564132d5da1d368268a,2023-01-30 23:04:40
RE2f6dfe35fc52841dfd4bcd65184d485d,2023-01-02 18:17:17
REc4b029f43ba376b0a5b0fa09b203d223,2022-12-11 21:04:14
RE4202c569865039a2999311e9fbca16c1,2022-11-28 01:44:28
RE746300af19afbfb3fa284e736e53f392,2022-10-21 20:57:39
RE97d2d6884aa1173251ba5e07cc2c027a,2022-09-06 16:50:00
RE4904341fa77545f1a6089d3eb7c640cc,2022-08-26 19:05:06
RE6a6a6348de8f9abd390af08f8a8c771b,2022-08-08 20:51:58
RE27de3e75d8041bffbf9c044091637a26,2022-08-01 13:23:22
RE2b0c5b84ceb3c16f8a2a08445fb1eb00,2022-06-25 20:26:48
REe49ccd4b1a206a0b5e508d72a323623e,2022-06-23 22:42:17
RE4a088c886964a42b50c206d3ec016c02,2022-06-17 20:33:19
RE71d0c5fa7dcfa821ed87b4ed8e5f7593,2022-06-08 16:47:39
RE26e3b1dc9bc9c44039d74239fe1b1654,2022-06-02 20:35:03
REd58c08fa2b5a00fa10b9ee81e3f19743,2022-03-25 19:49:54
RE26f5fd7dd22fee6e57517a6e95e8a95e,2022-03-24 23:20:53
REddcce27ba776f505fdfea682ae68d1f8,2022-03-09 17:58:22
